,"Leota,""Fletchen"",""Rust Evader Corp"",""8880 Great Howard St #7750"",""Sefton"",""Merseyside"",""L29 7WD"",""01358-446391"",""01414-780251"",""lfletchen@gmail.com"",""http://www.rustevadercorp.co.uk"""
0,"Berry,""Gutoski"",""Budget Annex"",""9 Oakleigh"",""Lancing"",""West Sussex"",""BN15 9BN"",""01448-211489"",""01929-400879"",""berry@gmail.com"",""http://www.budgetannex.co.uk"""
1,"Meghan,""Riherd"",""Kiqo Pure Gold Oldies 104 Fm"",""83 Denbigh St Bootle"",""St. Gluvias"",""Cornwall"",""TR3 7AZ"",""01462-474800"",""01650-129106"",""meghan@riherd.co.uk"",""http://www.kiqopuregoldoldiesfm.co.uk"""
2,"Mike,""Torner"",""Segall Majestic Inc"",""30 Aughton St"",""Hilton"",""Aberdeenshire"",""AB24 2RR"",""01240-600327"",""01408-918612"",""mike_torner@torner.co.uk"",""http://www.segallmajesticinc.co.uk"""
3,"Elsa,""Delisle"",""Taos Valley Resort Assn"",""260 Saxon St"",""Brooklands Ward"",""Greater Manchester"",""M33 4BP"",""01537-525550"",""01204-471598"",""elsa_delisle@gmail.com"",""http://www.taosvalleyresortassn.co.uk"""
4,"Linwood,""Rosenlof"",""Exhibit Crafts Inc"",""3 Pyramid St"",""Eccleston Ward"",""Merseyside"",""WA10 3BW"",""01546-942059"",""01244-769346"",""linwood.rosenlof@yahoo.com"",""http://www.exhibitcraftsinc.co.uk"""
5,"Latosha,""Alexy"",""Laitinen, Stephen B Esq"",""37 Langham St #948"",""St. Georges Hill Ward"",""Surrey"",""KT13 0AZ"",""01704-508066"",""01662-268374"",""latosha@yahoo.com"",""http://www.laitinenstephenbesq.co.uk"""
6,"Alexia,""Meenan"",""Herr Foods Inc"",""94 Villars St"",""Launcells"",""Cornwall"",""EX23 9LG"",""01560-328739"",""01270-931388"",""alexia.meenan@meenan.co.uk"",""http://www.herrfoodsinc.co.uk"""
7,"Graham,""Stanwick"",""Tiburon Pen Chmbr Commrce Inc"",""73 Hawkstone St"",""Renfrew South & Gallowhill War"",""Dunbartonshire"",""G52 4YG"",""01860-191930"",""01409-786106"",""gstanwick@gmail.com"",""http://www.tiburonpenchmbrcommrceinc.co.uk"""
8,"Elinore,""Fulda"",""Agri Business Insurance Agency"",""123 Sussex St"",""Astley Bridge Ward"",""Greater Manchester"",""BL1 6PY"",""01457-837447"",""01403-864306"",""elinore.fulda@fulda.co.uk"",""http://www.agribusinessinsuranceagency.co.uk"""
9,"Lisbeth,""Creecy"",""Gerstenfeld, Gerald F Esq"",""484 Barry St"",""Shiney Row Ward"",""County Durham"",""DH4 7RG"",""01931-620849"",""01825-623398"",""lcreecy@gmail.com"",""http://www.gerstenfeldgeraldfesq.co.uk"""
10,"Eloisa,""Faurote"",""Mcdonald, Michael J Esq"",""7033 Micawber St"",""Bintree"",""Norfolk"",""NR20 5NQ"",""01337-695353"",""01747-999761"",""eloisa.faurote@hotmail.com"",""http://www.mcdonaldmichaeljesq.co.uk"""
11,"Shawana,""Cantua"",""Best Western Riverview Inn"",""33 Vipond St"",""Woodhall Farm Ward"",""Hertfordshire"",""HP2 7JP"",""01413-348876"",""01659-621050"",""shawana@yahoo.com"",""http://www.bestwesternriverviewinn.co.uk"""
12,"Alyssa,""Ansbro"",""Berg, Michael D Esq"",""85 Hero St"",""Stanhope"",""County Durham"",""DL13 2TZ"",""01632-887825"",""01585-967862"",""alyssa_ansbro@gmail.com"",""http://www.bergmichaeldesq.co.uk"""
13,"Kyoko,""Mcmillian"",""Nature Conservancy"",""77 Reading St #8"",""North Tawton"",""Devon"",""EX20 2TR"",""01235-173362"",""01371-735347"",""kyoko_mcmillian@gmail.com"",""http://www.natureconservancy.co.uk"""
14,"Terry,""Gauthier"",""Walker, Susan S Esq"",""274 Altcar Ave"",""Catterick"",""North Yorkshire"",""DL10 7NU"",""01555-550015"",""01793-749131"",""tgauthier@yahoo.com"",""http://www.walkersusansesq.co.uk"""
15,"Sena,""Langenbach"",""Alternative Collection Svc Inc"",""38 Avondale Rd #79"",""Kilmersdon"",""Somerset"",""BA3 5SJ"",""01756-678490"",""01836-695245"",""sena.langenbach@hotmail.com"",""http://www.alternativecollectionsvcinc.co.uk"""
16,"Cristen,""Nesset"",""Johnson, Matthew E Esq"",""4679 Curzon St"",""Central Ward"",""Lancashire"",""BB5 0SJ"",""01354-864473"",""01994-347546"",""cnesset@nesset.co.uk"",""http://www.johnsonmattheweesq.co.uk"""
17,"Lashawn,""Ker"",""Thornsjo, Dale O Esq"",""13 Nelson Rd"",""Filwood Ward"",""Bristol"",""BS4 1HT"",""01676-780022"",""01470-187069"",""lashawn.ker@gmail.com"",""http://www.thornsjodaleoesq.co.uk"""
